Date,Product,Region,Customer_Type,Quantity,Price,Discount,Revenue
2024-04-21,Sports Event,North,VIP,10,192.38,0.17,1596.75
2024-09-04,Music Festival,South,Regular,20,167.06,0.03,3240.96
2024-09-26,Music Festival,North,VIP,12,149.8,0.15,1527.96
2024-08-07,Music Festival,North,Regular,38,158.09,0.02,5887.27
2024-12-20,Theater Performance,South,VIP,11,55.03,0.08,556.9
2024-01-30,Theater Performance,North,Regular,84,216.34,0.14,15628.4
2024-10-19,Sports Event,East,VIP,73,220.28,0.12,14150.79
2024-01-09,Theater Performance,South,Regular,53,100.94,0.04,5135.83
2024-05-11,Theater Performance,North,VIP,38,245.3,0.11,8296.05
2024-08-30,Sports Event,North,VIP,32,30.33,0.29,689.1
2024-06-15,Sports Event,South,Regular,48,14.16,0.01,672.88
2024-12-16,Sports Event,North,Regular,57,96.34,0.03,5326.64
2024-06-11,Sports Event,North,Regular,66,115.75,0.03,7410.32
2024-02-26,Theater Performance,East,VIP,67,213.48,0.09,13015.88
2024-12-19,Theater Performance,West,VIP,69,64.31,0.24,3372.42
2024-03-06,Theater Performance,West,VIP,46,111.94,0.29,3655.96
2024-09-12,Sports Event,West,Regular,5,125.0,0.19,506.25
2024-11-24,Sports Event,North,VIP,96,106.44,0.03,9911.69
2024-09-24,Music Festival,West,VIP,80,61.96,0.07,4609.82
2024-02-21,Sports Event,North,Regular,71,233.61,0.27,12108.01
2024-01-12,Sports Event,North,Regular,22,214.62,0.28,3399.58
2024-11-12,Theater Performance,West,VIP,80,249.37,0.05,18952.12
2024-06-07,Theater Performance,West,Regular,26,187.91,0.01,4836.8
2024-02-25,Music Festival,East,Regular,83,41.66,0.04,3319.47
2024-06-18,Sports Event,East,Regular,79,91.88,0.14,6242.33
2024-12-14,Music Festival,South,VIP,15,155.04,0.04,2232.58
2024-01-27,Music Festival,West,VIP,97,167.9,0.04,15634.85
2024-09-22,Sports Event,South,VIP,55,17.95,0.29,700.95
2024-10-10,Sports Event,South,Regular,28,37.79,0.15,899.4
2024-03-12,Music Festival,West,VIP,39,102.67,0.29,2842.93
2024-10-14,Music Festival,West,Regular,20,169.03,0.25,2535.45
2024-08-29,Sports Event,West,VIP,34,86.58,0.27,2148.92
2024-10-26,Sports Event,North,Regular,70,120.77,0.03,8200.28
2024-03-13,Sports Event,West,VIP,1,85.35,0.29,60.6
2024-09-21,Sports Event,North,Regular,40,221.41,0.28,6376.61
2024-01-26,Theater Performance,South,VIP,72,110.95,0.16,6710.26
2024-07-28,Music Festival,East,VIP,26,126.62,0.19,2666.62
2024-10-29,Music Festival,East,VIP,1,212.18,0.27,154.89
2024-04-30,Sports Event,South,Regular,44,21.83,0.04,922.1
2024-06-26,Sports Event,South,VIP,25,23.69,0.07,550.79
2024-02-01,Theater Performance,West,Regular,6,110.77,0.28,478.53
2024-12-12,Theater Performance,South,Regular,42,132.73,0.22,4348.23
2024-08-18,Sports Event,South,VIP,19,39.97,0.26,561.98
2024-03-12,Music Festival,West,VIP,90,79.04,0.07,6615.65
2024-06-17,Music Festival,West,Regular,76,177.9,0.27,9869.89
2024-03-26,Music Festival,West,Regular,34,102.12,0.11,3090.15
2024-07-11,Music Festival,West,Regular,77,24.18,0.1,1675.67
2024-08-25,Sports Event,East,VIP,84,178.37,0.29,10637.99
2024-09-20,Sports Event,North,VIP,55,208.57,0.28,8259.37
2024-06-01,Sports Event,West,Regular,43,110.64,0.2,3806.02
2024-06-14,Theater Performance,East,Regular,96,98.8,0.2,7587.84
2024-05-22,Sports Event,South,VIP,96,235.45,0.27,16500.34
2024-11-18,Theater Performance,East,Regular,29,120.81,0.01,3468.46
2024-09-12,Sports Event,North,Regular,99,138.4,0.2,10961.28
2024-02-25,Theater Performance,West,VIP,71,48.32,0.09,3121.96
2024-04-09,Sports Event,East,Regular,82,119.59,0.19,7943.17
2024-09-16,Music Festival,South,VIP,3,236.82,0.18,582.58
2024-02-11,Theater Performance,North,VIP,59,78.51,0.23,3566.71
2024-11-24,Music Festival,East,VIP,81,121.66,0.17,8179.2
2024-12-23,Music Festival,East,Regular,59,167.1,0.28,7098.41
2024-06-24,Music Festival,East,Regular,2,146.39,0.02,286.92
2024-11-17,Music Festival,West,Regular,2,178.6,0.24,271.47
2024-12-02,Music Festival,East,VIP,62,242.83,0.21,11893.81
2024-12-22,Music Festival,East,Regular,61,139.07,0.06,7974.27
2024-01-03,Theater Performance,South,Regular,19,112.12,0.09,1938.55
2024-01-29,Music Festival,South,Regular,65,166.9,0.02,10631.53
2024-12-28,Theater Performance,South,Regular,8,192.56,0.22,1201.57
2024-12-19,Music Festival,North,Regular,18,208.34,0.29,2662.59
2024-06-23,Music Festival,North,VIP,40,21.39,0.02,838.49
2024-11-19,Theater Performance,West,VIP,43,206.44,0.22,6924.0
2024-06-28,Sports Event,South,Regular,92,192.33,0.11,15747.98
2024-07-09,Music Festival,East,VIP,51,176.88,0.02,8840.46
2024-03-16,Music Festival,East,VIP,62,229.59,0.22,11102.97
2024-04-04,Theater Performance,South,Regular,88,115.54,0.29,7218.94
2024-05-21,Sports Event,South,Regular,88,230.27,0.12,17832.11
2024-04-08,Music Festival,West,Regular,66,41.55,0.06,2577.76
2024-03-10,Theater Performance,South,VIP,76,104.07,0.12,6960.2
2024-03-23,Sports Event,South,Regular,60,62.83,0.17,3128.93
2024-08-19,Music Festival,South,Regular,12,29.78,0.13,310.9
2024-07-09,Sports Event,West,Regular,56,106.65,0.06,5614.06
2024-11-14,Sports Event,South,VIP,83,26.1,0.11,1928.01
2024-12-24,Sports Event,North,VIP,62,140.84,0.17,7247.63
2024-07-12,Sports Event,South,Regular,57,215.75,0.13,10699.04
2024-03-02,Sports Event,West,VIP,94,181.82,0.06,16065.62
2024-10-27,Music Festival,North,Regular,75,73.82,0.25,4152.37
2024-01-04,Music Festival,West,VIP,6,218.54,0.16,1101.44
2024-06-16,Theater Performance,North,Regular,32,55.74,0.22,1391.27
2024-03-16,Music Festival,South,VIP,12,90.04,0.0,1080.48
2024-06-16,Music Festival,East,VIP,2,151.32,0.07,281.46
2024-05-26,Sports Event,East,VIP,50,21.34,0.28,768.24
2024-07-20,Theater Performance,South,VIP,9,247.95,0.16,1874.5
2024-02-10,Music Festival,North,Regular,62,20.47,0.04,1218.37
2024-03-13,Sports Event,South,VIP,90,21.65,0.22,1519.83
2024-06-18,Music Festival,South,Regular,67,152.32,0.03,9899.28
2024-02-05,Theater Performance,South,VIP,36,134.06,0.16,4053.97
2024-01-12,Theater Performance,West,VIP,81,96.68,0.06,7361.22
2024-12-14,Music Festival,West,Regular,68,159.14,0.02,10605.09
2024-03-07,Music Festival,North,Regular,64,11.22,0.25,538.56
2024-01-27,Sports Event,West,VIP,41,70.98,0.16,2444.55
2024-07-12,Music Festival,North,Regular,62,177.49,0.13,9573.81
2024-02-15,Theater Performance,North,VIP,80,132.26,0.03,10263.38
2024-08-02,Sports Event,East,VIP,32,180.97,0.28,4169.55
2024-07-02,Theater Performance,South,VIP,79,183.04,0.12,12724.94
2024-06-03,Theater Performance,North,Regular,42,244.35,0.25,7697.02
2024-11-12,Music Festival,West,VIP,87,144.74,0.15,10703.52
2024-03-26,Theater Performance,East,Regular,8,128.71,0.02,1009.09
2024-10-12,Sports Event,South,VIP,78,223.6,0.15,14824.68
2024-11-15,Music Festival,North,VIP,62,205.83,0.2,10209.17
2024-04-12,Sports Event,North,VIP,48,242.71,0.06,10951.08
2024-05-23,Theater Performance,South,Regular,94,94.22,0.1,7971.01
2024-01-12,Theater Performance,West,VIP,16,151.56,0.01,2400.71
2024-05-07,Sports Event,South,Regular,87,22.98,0.25,1499.44
2024-10-29,Sports Event,South,VIP,6,197.73,0.29,842.33
2024-11-07,Music Festival,East,VIP,23,183.98,0.12,3723.76
2024-04-09,Music Festival,North,VIP,13,195.17,0.27,1852.16
2024-01-13,Sports Event,East,VIP,78,115.38,0.27,6569.74
2024-06-10,Sports Event,East,VIP,70,245.5,0.28,12373.2
2024-03-16,Music Festival,North,Regular,20,100.37,0.04,1927.1
2024-06-28,Sports Event,West,Regular,68,217.71,0.27,10807.12
2024-02-24,Sports Event,South,VIP,83,124.29,0.2,8252.86
2024-07-30,Theater Performance,East,Regular,40,229.87,0.16,7723.63
2024-08-05,Theater Performance,North,Regular,51,149.66,0.08,7022.05
2024-03-22,Theater Performance,North,VIP,37,115.56,0.12,3762.63
2024-04-13,Theater Performance,East,Regular,57,219.63,0.18,10265.51
2024-07-19,Theater Performance,West,Regular,50,133.1,0.14,5723.3
2024-11-27,Sports Event,East,Regular,18,43.42,0.13,679.96
2024-02-06,Music Festival,North,Regular,7,108.06,0.16,635.39
2024-11-07,Sports Event,North,VIP,10,203.21,0.19,1646.0
2024-09-25,Music Festival,West,VIP,4,27.02,0.29,76.74
2024-11-10,Theater Performance,North,VIP,47,26.75,0.2,1005.8
2024-12-26,Music Festival,South,VIP,66,86.6,0.25,4286.7
2024-07-07,Theater Performance,North,Regular,44,191.72,0.26,6242.4
2024-10-02,Music Festival,West,Regular,85,180.44,0.13,13343.54
2024-11-21,Sports Event,West,VIP,85,155.3,0.2,10560.4
2024-07-29,Theater Performance,South,Regular,89,100.37,0.2,7146.34
2024-03-24,Sports Event,East,Regular,11,125.92,0.2,1108.1
2024-08-09,Sports Event,West,Regular,88,184.99,0.06,15302.37
2024-03-20,Sports Event,West,Regular,75,90.01,0.0,6750.75
2024-10-04,Theater Performance,North,Regular,68,109.0,0.2,5929.6
2024-04-18,Music Festival,West,VIP,36,151.66,0.24,4149.42
2024-09-14,Music Festival,West,VIP,64,135.21,0.03,8393.84
2024-07-14,Sports Event,North,Regular,82,193.38,0.09,14430.02
2024-09-23,Theater Performance,South,Regular,81,226.96,0.07,17096.9
2024-04-24,Music Festival,South,Regular,17,122.84,0.18,1712.39
2024-10-30,Music Festival,West,Regular,94,116.56,0.18,8984.44
2024-10-21,Sports Event,South,VIP,43,212.77,0.1,8234.2
2024-10-10,Music Festival,North,VIP,11,26.97,0.21,234.37
2024-03-04,Sports Event,North,VIP,38,208.69,0.04,7613.01
2024-02-01,Theater Performance,North,Regular,66,86.66,0.04,5490.78
2024-06-07,Music Festival,North,Regular,93,115.34,0.11,9546.69
2024-03-27,Sports Event,West,Regular,98,24.64,0.09,2197.4
2024-08-04,Sports Event,West,Regular,44,44.8,0.02,1931.78
2024-10-19,Sports Event,West,Regular,78,111.4,0.22,6777.58
2024-06-10,Music Festival,West,Regular,60,141.44,0.16,7128.58
2024-08-11,Theater Performance,East,Regular,31,54.72,0.15,1441.87
2024-10-06,Theater Performance,West,VIP,57,101.66,0.19,4693.64
2024-10-16,Theater Performance,East,Regular,8,160.89,0.12,1132.67
2024-09-02,Theater Performance,West,Regular,75,10.56,0.05,752.4
2024-02-07,Theater Performance,North,Regular,87,191.12,0.1,14964.7
2024-01-05,Music Festival,West,Regular,37,153.62,0.16,4774.51
2024-08-15,Sports Event,South,Regular,80,238.88,0.22,14906.11
2024-10-26,Music Festival,North,VIP,24,164.98,0.11,3523.97
2024-03-16,Music Festival,North,Regular,87,75.47,0.21,5187.05
2024-04-07,Sports Event,North,VIP,7,13.8,0.23,74.38
2024-07-20,Music Festival,West,Regular,73,56.45,0.02,4038.43
2024-12-04,Sports Event,East,VIP,45,212.7,0.02,9380.07
2024-06-11,Sports Event,North,VIP,66,88.85,0.16,4925.84
2024-04-28,Sports Event,East,VIP,33,143.2,0.07,4394.81
2024-07-16,Sports Event,East,VIP,89,170.05,0.18,12410.25
2024-11-20,Sports Event,South,VIP,97,82.21,0.06,7495.91
2024-09-27,Music Festival,North,Regular,53,249.88,0.1,11919.28
2024-09-23,Sports Event,West,Regular,83,12.4,0.02,1008.62
2024-01-19,Theater Performance,West,VIP,99,56.97,0.27,4117.22
2024-12-05,Sports Event,South,VIP,83,207.69,0.02,16893.5
2024-06-16,Sports Event,North,VIP,75,20.98,0.26,1164.39
2024-12-13,Music Festival,North,VIP,37,60.37,0.01,2211.35
2024-04-23,Theater Performance,West,Regular,90,150.25,0.03,13116.82
2024-11-30,Music Festival,North,VIP,86,128.59,0.26,8183.47
2024-08-20,Music Festival,West,VIP,14,18.68,0.23,201.37
2024-11-21,Theater Performance,East,VIP,11,216.08,0.09,2162.96
2024-01-22,Theater Performance,West,Regular,33,83.24,0.28,1977.78
2024-01-15,Sports Event,South,VIP,14,92.42,0.16,1086.86
2024-09-25,Music Festival,West,Regular,83,138.08,0.17,9512.33
2024-08-07,Theater Performance,East,VIP,80,157.6,0.09,11473.28
2024-03-24,Sports Event,North,Regular,52,243.41,0.29,8986.7
2024-10-24,Theater Performance,North,Regular,66,70.11,0.24,3516.72
2024-06-26,Sports Event,East,VIP,34,109.03,0.14,3188.04
2024-02-25,Theater Performance,West,Regular,89,10.46,0.06,875.08
2024-05-13,Music Festival,South,VIP,19,212.74,0.09,3678.27
2024-07-17,Sports Event,East,VIP,50,58.54,0.05,2780.65
2024-02-09,Theater Performance,South,VIP,57,81.67,0.1,4189.67
2024-11-12,Sports Event,West,VIP,24,164.72,0.04,3795.15
2024-01-19,Theater Performance,East,Regular,10,101.99,0.27,744.53
2024-09-14,Music Festival,West,Regular,76,84.09,0.02,6263.02
2024-03-21,Music Festival,East,VIP,64,63.95,0.16,3437.95
2024-06-09,Sports Event,East,VIP,32,99.24,0.07,2953.38
2024-03-30,Music Festival,South,Regular,89,20.89,0.06,1747.66
2024-12-19,Music Festival,North,Regular,83,166.73,0.13,12039.57
2024-02-13,Music Festival,West,Regular,20,82.16,0.29,1166.67
2024-11-15,Sports Event,West,Regular,18,201.45,0.24,2755.84
2024-03-03,Music Festival,East,Regular,77,88.32,0.12,5984.56
2024-09-04,Theater Performance,West,VIP,20,151.8,0.17,2519.88
2024-09-02,Music Festival,South,Regular,37,74.34,0.05,2613.05
2024-03-10,Sports Event,West,VIP,16,92.0,0.01,1457.28
2024-02-09,Music Festival,North,VIP,75,136.58,0.02,10038.63
2024-06-04,Sports Event,East,VIP,59,240.28,0.22,11057.69
2024-08-01,Theater Performance,East,Regular,52,230.54,0.14,10309.75
2024-05-17,Music Festival,East,Regular,66,166.0,0.15,9312.6
2024-04-20,Music Festival,West,Regular,22,82.81,0.12,1603.2
2024-08-24,Sports Event,West,VIP,33,164.7,0.28,3913.27
2024-06-16,Theater Performance,North,VIP,19,39.98,0.27,554.52
2024-11-02,Sports Event,North,VIP,86,139.07,0.17,9926.82
2024-02-02,Theater Performance,North,VIP,43,87.84,0.05,3588.26
2024-12-31,Sports Event,South,VIP,84,112.62,0.05,8987.08
2024-04-06,Theater Performance,South,VIP,81,179.21,0.16,12193.45
2024-01-19,Sports Event,South,Regular,65,12.48,0.19,657.07
2024-12-06,Sports Event,East,VIP,84,194.21,0.27,11908.96
2024-01-22,Theater Performance,South,VIP,62,164.97,0.21,8080.23
2024-10-16,Theater Performance,West,Regular,17,236.58,0.22,3137.05
2024-07-30,Sports Event,East,Regular,55,59.45,0.27,2386.92
2024-11-01,Sports Event,West,VIP,79,26.18,0.1,1861.4
2024-12-11,Music Festival,East,Regular,37,92.59,0.19,2774.92
2024-07-03,Sports Event,South,VIP,44,177.51,0.27,5701.62
2024-09-10,Theater Performance,East,VIP,71,103.16,0.02,7177.87
2024-01-30,Sports Event,South,Regular,12,219.68,0.2,2108.93
2024-01-27,Theater Performance,West,Regular,51,172.77,0.16,7401.47
2024-02-29,Music Festival,South,VIP,22,28.93,0.05,604.64
2024-07-01,Theater Performance,East,Regular,63,152.48,0.15,8165.3
2024-12-16,Music Festival,South,Regular,25,127.51,0.11,2837.1
2024-01-23,Sports Event,East,Regular,85,53.74,0.18,3745.68
2024-12-21,Theater Performance,North,Regular,92,236.57,0.16,18282.13
2024-10-22,Music Festival,East,VIP,43,20.03,0.26,637.35
2024-02-13,Theater Performance,East,VIP,16,242.95,0.21,3070.89
2024-04-07,Theater Performance,West,Regular,75,61.94,0.23,3577.04
2024-09-24,Sports Event,North,Regular,12,238.35,0.22,2230.96
2024-03-19,Music Festival,East,VIP,55,183.77,0.15,8591.25
2024-02-01,Sports Event,North,VIP,36,17.62,0.07,589.92
2024-10-01,Music Festival,East,Regular,72,174.6,0.06,11816.93
2024-05-09,Theater Performance,East,VIP,33,248.78,0.17,6814.08
2024-12-19,Theater Performance,West,VIP,6,74.62,0.25,335.79
2024-02-07,Theater Performance,East,VIP,24,237.09,0.07,5291.85
2024-04-01,Theater Performance,West,Regular,74,122.59,0.18,7438.76
2024-08-21,Theater Performance,North,Regular,87,23.41,0.06,1914.47
2024-03-07,Sports Event,South,VIP,72,169.31,0.17,10117.97
2024-04-28,Sports Event,West,VIP,50,91.22,0.11,4059.29
2024-11-06,Theater Performance,West,VIP,6,128.29,0.07,715.86
2024-06-03,Music Festival,North,Regular,76,36.44,0.19,2243.25
2024-01-15,Music Festival,West,Regular,71,21.12,0.05,1424.54
2024-06-01,Music Festival,East,Regular,82,217.09,0.22,13885.08
2024-05-30,Theater Performance,South,VIP,33,110.49,0.05,3463.86
2024-04-11,Theater Performance,East,VIP,62,160.52,0.2,7961.79
2024-11-14,Theater Performance,East,VIP,54,141.55,0.17,6344.27
2024-01-27,Music Festival,South,VIP,12,100.92,0.14,1041.49
2024-10-07,Sports Event,East,VIP,93,229.61,0.22,16655.91
2024-07-07,Music Festival,West,Regular,96,24.87,0.25,1790.64
2024-10-17,Theater Performance,South,Regular,94,244.34,0.23,17685.33
2024-11-13,Sports Event,South,Regular,30,86.8,0.05,2473.8
2024-09-10,Sports Event,East,VIP,12,92.41,0.26,820.6
2024-02-17,Sports Event,East,VIP,88,193.5,0.26,12600.72
2024-07-27,Music Festival,North,VIP,2,117.2,0.11,208.62
2024-10-27,Theater Performance,West,VIP,83,204.13,0.02,16603.93
2024-03-30,Music Festival,North,Regular,87,138.56,0.07,11210.89
2024-08-25,Theater Performance,South,VIP,3,64.24,0.05,183.08
2024-09-02,Theater Performance,East,Regular,18,245.07,0.22,3440.78
2024-04-19,Music Festival,West,Regular,21,196.91,0.03,4011.06
2024-03-14,Theater Performance,North,VIP,26,201.03,0.2,4181.42
2024-08-25,Music Festival,East,Regular,74,197.87,0.25,10981.78
2024-03-24,Sports Event,North,Regular,87,147.07,0.3,8956.56
2024-11-29,Music Festival,West,VIP,95,216.66,0.08,18936.08
2024-11-15,Sports Event,East,VIP,7,218.93,0.14,1317.96
2024-08-20,Sports Event,East,Regular,88,147.77,0.04,12483.61
2024-07-06,Music Festival,North,Regular,52,10.52,0.02,536.1
2024-06-11,Music Festival,North,Regular,10,219.2,0.16,1841.28
2024-01-24,Theater Performance,South,VIP,41,45.37,0.2,1488.14
2024-05-12,Sports Event,West,Regular,13,118.19,0.07,1428.92
2024-08-07,Theater Performance,South,VIP,86,221.53,0.02,18670.55
2024-10-14,Theater Performance,South,VIP,47,125.91,0.17,4911.75
2024-08-30,Theater Performance,South,Regular,6,170.72,0.06,962.86
2024-08-04,Music Festival,East,VIP,93,64.29,0.13,5201.7
2024-12-01,Music Festival,West,VIP,33,19.07,0.09,572.67
2024-08-22,Music Festival,North,VIP,50,96.64,0.1,4348.8
2024-10-07,Music Festival,North,Regular,16,228.07,0.11,3247.72
2024-03-19,Music Festival,East,Regular,89,41.52,0.27,2697.55
2024-07-11,Sports Event,North,VIP,76,85.13,0.05,6146.39
2024-03-10,Theater Performance,North,Regular,54,151.55,0.02,8020.03
2024-12-31,Sports Event,South,Regular,75,62.94,0.3,3304.35
2024-03-27,Sports Event,North,VIP,29,102.04,0.12,2604.06
2024-09-23,Music Festival,North,Regular,77,216.65,0.22,13012.0
2024-10-26,Sports Event,South,VIP,17,39.22,0.1,600.07
2024-07-19,Sports Event,North,VIP,100,154.55,0.27,11282.15
2024-08-10,Theater Performance,East,VIP,39,184.54,0.21,5685.68
2024-04-25,Music Festival,East,VIP,92,55.97,0.3,3604.47
2024-04-08,Sports Event,South,Regular,6,185.73,0.12,980.65
2024-01-22,Sports Event,North,Regular,92,93.0,0.08,7871.52
2024-10-30,Music Festival,West,Regular,50,244.78,0.26,9056.86
2024-11-12,Theater Performance,West,VIP,40,22.09,0.03,857.09
2024-09-22,Theater Performance,East,VIP,16,208.46,0.3,2334.75
2024-01-15,Music Festival,North,VIP,63,68.18,0.08,3951.71
2024-08-06,Music Festival,East,Regular,22,154.97,0.18,2795.66
2024-11-05,Sports Event,West,Regular,80,115.75,0.12,8148.8
2024-01-23,Theater Performance,East,VIP,31,249.05,0.01,7643.34
2024-12-07,Sports Event,West,VIP,19,81.56,0.24,1177.73
2024-07-15,Sports Event,West,Regular,75,84.36,0.16,5314.68
2024-11-04,Theater Performance,North,Regular,15,124.22,0.04,1788.77
2024-08-29,Theater Performance,South,Regular,55,113.06,0.29,4414.99
2024-02-16,Music Festival,West,Regular,51,160.25,0.19,6619.93
2024-04-06,Theater Performance,North,VIP,71,108.81,0.13,6721.19
2024-08-05,Theater Performance,South,VIP,10,50.07,0.03,485.68
2024-11-07,Sports Event,South,VIP,15,244.88,0.29,2607.97
2024-09-15,Theater Performance,West,VIP,37,18.61,0.17,571.51
2024-07-04,Music Festival,West,VIP,34,133.33,0.24,3445.25
2024-09-17,Music Festival,South,Regular,10,194.13,0.1,1747.17
2024-12-29,Music Festival,East,Regular,28,188.55,0.2,4223.52
2024-06-01,Sports Event,East,VIP,99,146.28,0.27,10571.66
2024-11-01,Theater Performance,East,Regular,11,104.33,0.15,975.49
2024-05-22,Sports Event,East,VIP,22,208.99,0.3,3218.45
2024-06-23,Music Festival,East,VIP,85,64.0,0.13,4732.8
2024-04-06,Sports Event,South,VIP,3,20.96,0.25,47.16
2024-12-19,Theater Performance,East,Regular,87,110.02,0.14,8231.7
2024-03-06,Sports Event,North,Regular,80,72.05,0.16,4841.76
2024-04-09,Theater Performance,South,VIP,85,160.96,0.18,11218.91
2024-09-23,Sports Event,North,Regular,8,152.94,0.28,880.93
2024-12-10,Sports Event,North,Regular,56,11.28,0.04,606.41
2024-12-28,Theater Performance,South,Regular,56,45.52,0.3,1784.38
2024-08-03,Music Festival,South,VIP,100,56.78,0.23,4372.06
2024-02-19,Sports Event,West,VIP,98,79.72,0.0,7812.56
2024-06-02,Sports Event,South,Regular,14,13.09,0.02,179.59
2024-04-09,Sports Event,South,VIP,54,167.52,0.28,6513.18
2024-06-03,Sports Event,South,VIP,98,14.1,0.25,1036.35
2024-05-11,Music Festival,West,Regular,30,138.76,0.25,3122.1
2024-11-28,Theater Performance,West,VIP,15,237.86,0.09,3246.79
2024-01-10,Theater Performance,West,Regular,68,22.92,0.12,1371.53
2024-10-01,Sports Event,South,Regular,55,116.9,0.11,5722.26
2024-10-18,Sports Event,South,VIP,87,95.9,0.03,8093.0
2024-04-17,Music Festival,South,VIP,35,210.99,0.27,5390.79
2024-01-23,Theater Performance,South,VIP,39,220.3,0.14,7388.86
2024-05-14,Music Festival,West,VIP,22,101.17,0.09,2025.42
2024-08-20,Music Festival,West,VIP,49,102.49,0.1,4519.81
2024-04-20,Sports Event,East,Regular,25,223.34,0.23,4299.3
2024-11-01,Sports Event,East,Regular,66,243.49,0.23,12374.16
2024-02-21,Theater Performance,West,Regular,26,176.86,0.1,4138.52
2024-06-23,Theater Performance,East,Regular,73,84.36,0.26,4557.13
2024-01-15,Music Festival,South,Regular,18,152.94,0.28,1982.1
2024-06-11,Music Festival,West,VIP,97,68.85,0.0,6678.45
2024-04-14,Sports Event,North,VIP,48,79.19,0.12,3344.99
2024-07-04,Music Festival,West,VIP,100,87.77,0.19,7109.37
2024-02-09,Theater Performance,North,Regular,93,249.75,0.19,18813.67
2024-06-27,Theater Performance,North,VIP,40,45.46,0.15,1545.64
2024-01-16,Theater Performance,West,VIP,42,163.06,0.02,6711.55
2024-11-20,Music Festival,West,Regular,44,153.99,0.04,6504.54
2024-04-16,Music Festival,South,Regular,29,214.72,0.05,5915.54
2024-02-19,Theater Performance,North,Regular,51,163.19,0.09,7573.65
2024-07-15,Music Festival,North,Regular,77,81.7,0.2,5032.72
2024-07-06,Music Festival,South,VIP,55,32.52,0.2,1430.88
2024-10-11,Sports Event,South,VIP,42,166.42,0.08,6430.47
2024-12-06,Theater Performance,West,VIP,60,228.5,0.3,9597.0
2024-10-21,Theater Performance,South,Regular,98,60.35,0.06,5559.44
2024-09-15,Sports Event,West,VIP,33,41.92,0.26,1023.69
2024-01-01,Theater Performance,North,VIP,68,207.04,0.19,11403.76
2024-03-13,Music Festival,South,VIP,19,196.25,0.16,3132.15
2024-05-26,Music Festival,East,VIP,48,205.48,0.0,9863.04
2024-03-31,Music Festival,South,VIP,41,134.9,0.26,4092.87
2024-03-09,Music Festival,South,VIP,21,82.6,0.29,1231.57
2024-12-31,Music Festival,West,Regular,8,25.72,0.21,162.55
2024-06-29,Theater Performance,East,VIP,63,235.9,0.22,11592.13
2024-03-23,Theater Performance,East,Regular,5,248.07,0.26,917.86
2024-08-02,Theater Performance,East,VIP,18,150.47,0.18,2220.94
2024-09-13,Sports Event,South,Regular,73,218.96,0.19,12947.1
2024-05-06,Theater Performance,East,Regular,100,39.87,0.05,3787.65
2024-10-09,Theater Performance,West,Regular,67,48.19,0.16,2712.13
2024-09-25,Theater Performance,North,Regular,4,17.99,0.07,66.92
2024-09-28,Music Festival,West,Regular,10,79.22,0.28,570.38
2024-09-22,Sports Event,West,VIP,43,201.12,0.21,6832.05
2024-04-03,Music Festival,North,VIP,73,155.63,0.02,11133.77
2024-12-26,Theater Performance,East,Regular,40,244.99,0.22,7643.69
2024-06-08,Music Festival,South,Regular,83,211.86,0.18,14419.19
2024-11-19,Music Festival,North,Regular,97,49.01,0.02,4658.89
2024-08-30,Music Festival,South,Regular,38,225.08,0.15,7270.08
2024-12-04,Theater Performance,West,Regular,14,152.95,0.19,1734.45
2024-06-12,Music Festival,North,Regular,40,192.9,0.25,5787.0
2024-01-22,Sports Event,South,Regular,53,87.58,0.05,4409.65
2024-09-13,Music Festival,South,Regular,83,17.59,0.17,1211.78
2024-08-15,Theater Performance,South,VIP,79,99.48,0.29,5579.83
2024-02-08,Music Festival,North,VIP,25,54.49,0.05,1294.14
2024-11-28,Sports Event,South,VIP,64,73.21,0.03,4544.88
2024-09-20,Sports Event,East,VIP,9,11.33,0.1,91.77
2024-12-01,Music Festival,North,VIP,10,93.7,0.01,927.63
2024-11-12,Sports Event,South,Regular,56,162.05,0.27,6624.6
2024-04-30,Theater Performance,South,Regular,19,40.17,0.22,595.32
2024-12-10,Theater Performance,West,Regular,19,104.05,0.29,1403.63
2024-04-27,Theater Performance,South,VIP,22,230.12,0.18,4151.36
2024-05-25,Theater Performance,West,VIP,63,98.6,0.09,5652.74
2024-07-14,Sports Event,West,VIP,7,172.87,0.1,1089.08
2024-01-07,Sports Event,North,VIP,24,36.48,0.15,744.19
2024-01-03,Theater Performance,East,VIP,22,98.7,0.21,1715.41
2024-03-30,Theater Performance,North,Regular,46,72.63,0.28,2405.51
2024-04-14,Sports Event,South,VIP,77,117.58,0.27,6609.17
2024-04-20,Music Festival,South,Regular,39,140.29,0.03,5307.17
2024-04-25,Music Festival,West,VIP,47,164.75,0.07,7201.22
2024-06-07,Theater Performance,East,Regular,3,148.69,0.06,419.31
2024-07-28,Theater Performance,South,VIP,21,177.85,0.14,3211.97
2024-07-06,Sports Event,South,Regular,99,112.26,0.27,8113.03
2024-01-15,Music Festival,South,VIP,53,146.79,0.28,5601.51
2024-09-07,Music Festival,West,VIP,11,219.54,0.09,2197.6
2024-04-12,Sports Event,North,VIP,95,246.38,0.28,16852.39
2024-05-18,Sports Event,North,VIP,17,49.62,0.02,826.67
2024-01-11,Music Festival,West,VIP,71,165.49,0.09,10692.31
2024-04-17,Sports Event,West,Regular,16,245.33,0.19,3179.48
2024-02-06,Music Festival,South,Regular,71,11.69,0.03,805.09
2024-03-19,Sports Event,West,Regular,8,116.67,0.07,868.02
2024-09-18,Sports Event,East,VIP,83,235.91,0.11,17426.67
2024-04-14,Music Festival,South,Regular,76,45.53,0.1,3114.25
2024-07-07,Music Festival,North,VIP,33,25.89,0.24,649.32
2024-07-18,Music Festival,East,Regular,76,215.81,0.07,15253.45
2024-05-15,Sports Event,South,Regular,96,68.42,0.09,5977.17
2024-04-11,Sports Event,East,Regular,73,144.21,0.18,8632.41
2024-03-17,Sports Event,North,Regular,53,41.95,0.13,1934.31
2024-02-09,Sports Event,West,VIP,23,76.83,0.21,1396.0
2024-12-19,Music Festival,North,VIP,92,238.36,0.08,20174.79
2024-04-04,Music Festival,South,Regular,6,44.23,0.23,204.34
2024-11-30,Sports Event,East,VIP,24,244.6,0.27,4285.39
2024-04-06,Music Festival,South,VIP,54,171.07,0.1,8314.0
2024-01-07,Music Festival,North,VIP,81,236.36,0.19,15507.58
2024-01-01,Sports Event,North,Regular,24,186.43,0.08,4116.37
2024-03-16,Theater Performance,North,Regular,48,52.92,0.13,2209.94
2024-11-19,Music Festival,South,VIP,61,163.93,0.12,8799.76
2024-06-30,Theater Performance,North,VIP,46,166.07,0.29,5423.85
2024-08-13,Theater Performance,East,Regular,71,181.85,0.28,9296.17
2024-02-06,Music Festival,North,VIP,66,115.46,0.13,6629.71
2024-05-21,Music Festival,West,Regular,48,203.4,0.19,7908.19
2024-07-18,Theater Performance,West,VIP,90,196.99,0.06,16665.35
2024-05-31,Sports Event,West,Regular,87,156.86,0.17,11326.86
2024-08-20,Theater Performance,West,Regular,54,152.93,0.27,6028.5
2024-12-19,Sports Event,North,VIP,58,32.1,0.12,1638.38
2024-12-04,Theater Performance,South,VIP,86,103.84,0.05,8483.73
2024-07-31,Theater Performance,South,VIP,25,88.2,0.27,1609.65
2024-10-01,Sports Event,East,VIP,93,241.96,0.24,17101.73
2024-07-19,Theater Performance,North,Regular,86,177.9,0.13,13310.48
2024-12-04,Music Festival,North,VIP,1,90.6,0.02,88.79
2024-02-06,Sports Event,North,VIP,92,245.1,0.17,18715.84
2024-06-06,Theater Performance,East,Regular,44,47.85,0.25,1579.05
2024-11-12,Sports Event,North,Regular,33,150.51,0.1,4470.15
2024-12-06,Theater Performance,West,VIP,81,201.49,0.25,12240.52
2024-01-23,Music Festival,South,Regular,77,235.79,0.13,15795.57
2024-08-19,Sports Event,South,VIP,17,100.35,0.09,1552.41
2024-02-24,Theater Performance,East,Regular,85,74.76,0.29,4511.77
2024-06-16,Sports Event,West,Regular,53,165.16,0.2,7002.78
2024-03-05,Theater Performance,West,VIP,18,196.39,0.07,3287.57
2024-07-04,Sports Event,South,VIP,82,106.29,0.05,8279.99
2024-06-10,Theater Performance,West,VIP,11,31.98,0.3,246.25
2024-08-04,Theater Performance,South,VIP,17,142.55,0.13,2108.31
2024-10-12,Sports Event,North,VIP,46,244.19,0.16,9435.5
2024-09-27,Theater Performance,North,Regular,15,228.9,0.23,2643.8
2024-07-14,Theater Performance,North,Regular,37,150.01,0.26,4107.27
2024-09-28,Sports Event,East,VIP,55,26.85,0.02,1447.22
2024-10-08,Music Festival,North,VIP,89,138.23,0.15,10457.1
2024-02-12,Theater Performance,North,Regular,75,221.17,0.05,15758.36
2024-02-21,Music Festival,South,Regular,62,54.64,0.22,2642.39
2024-03-10,Theater Performance,South,Regular,18,93.77,0.05,1603.47
2024-01-25,Sports Event,East,VIP,82,48.65,0.21,3151.55
2024-03-13,Sports Event,East,VIP,81,154.09,0.27,9111.34
2024-04-21,Music Festival,South,VIP,3,178.18,0.13,465.05
2024-11-09,Music Festival,South,Regular,47,191.4,0.02,8815.88
2024-09-19,Music Festival,West,VIP,61,60.74,0.16,3112.32
2024-01-01,Sports Event,West,Regular,70,24.85,0.24,1322.02
2024-02-22,Sports Event,East,Regular,34,222.23,0.17,6271.33
2024-08-11,Music Festival,West,Regular,52,66.27,0.15,2929.13
2024-04-07,Sports Event,North,Regular,100,222.91,0.14,19170.26
2024-04-27,Sports Event,North,VIP,79,167.29,0.23,10176.25
2024-07-06,Theater Performance,North,VIP,22,185.8,0.25,3065.7
2024-01-27,Music Festival,West,Regular,46,13.11,0.05,572.91
2024-07-28,Music Festival,West,VIP,15,194.21,0.13,2534.44
2024-05-02,Music Festival,South,VIP,61,158.1,0.29,6847.31
2024-05-26,Theater Performance,East,VIP,95,79.32,0.04,7233.98
2024-05-15,Sports Event,East,VIP,89,226.76,0.06,18970.74
2024-08-29,Theater Performance,North,VIP,79,224.09,0.07,16463.89
2024-10-14,Music Festival,North,VIP,63,179.74,0.08,10417.73
2024-02-05,Sports Event,North,Regular,49,162.19,0.27,5801.54
2024-11-09,Music Festival,East,VIP,1,155.75,0.06,146.4
2024-08-20,Music Festival,North,VIP,100,89.44,0.06,8407.36
2024-06-16,Theater Performance,West,VIP,56,248.07,0.13,12085.97
2024-12-28,Music Festival,West,VIP,65,46.56,0.19,2451.38
2024-03-13,Theater Performance,North,VIP,98,190.1,0.22,14531.24
2024-09-30,Theater Performance,South,Regular,100,109.97,0.04,10557.12
2024-02-16,Sports Event,South,VIP,26,29.67,0.02,755.99
2024-05-10,Theater Performance,East,VIP,60,143.43,0.28,6196.18
2024-12-20,Music Festival,South,VIP,43,176.6,0.09,6910.36
2024-02-10,Music Festival,North,Regular,36,72.83,0.19,2123.72
2024-09-01,Theater Performance,South,VIP,77,236.74,0.17,15130.05
2024-12-24,Sports Event,North,VIP,90,166.69,0.04,14402.02
2024-08-11,Sports Event,East,VIP,56,248.4,0.15,11823.84
2024-11-01,Sports Event,North,Regular,43,186.92,0.25,6028.17
2024-06-09,Theater Performance,West,Regular,71,240.08,0.1,15341.11
2024-12-11,Theater Performance,North,Regular,73,75.46,0.24,4186.52
2024-09-30,Music Festival,East,Regular,81,30.69,0.27,1814.7
2024-09-06,Theater Performance,South,Regular,52,54.58,0.02,2781.4
2024-08-30,Music Festival,South,Regular,88,33.36,0.15,2495.33
2024-11-23,Theater Performance,North,Regular,11,87.51,0.26,712.33
2024-10-20,Music Festival,South,VIP,67,209.59,0.23,10812.75
2024-07-06,Theater Performance,West,Regular,27,135.42,0.2,2925.07
2024-01-20,Theater Performance,South,VIP,69,222.67,0.02,15056.95
2024-01-12,Music Festival,West,VIP,66,196.98,0.06,12220.64
2024-04-28,Theater Performance,South,VIP,8,230.58,0.17,1531.05
2024-09-23,Theater Performance,East,VIP,74,133.49,0.18,8100.17
2024-10-12,Music Festival,West,VIP,53,75.46,0.03,3879.4
2024-11-23,Theater Performance,North,Regular,94,202.9,0.1,17165.34
2024-05-27,Music Festival,West,Regular,69,75.55,0.21,4118.23
2024-10-19,Theater Performance,West,Regular,27,244.86,0.22,5156.75
2024-07-30,Music Festival,South,VIP,38,195.91,0.17,6179.0
2024-06-17,Music Festival,North,Regular,97,244.43,0.05,22524.22
2024-05-25,Music Festival,South,Regular,82,217.78,0.12,15715.0
2024-12-11,Music Festival,East,VIP,39,99.59,0.03,3767.49
2024-12-26,Music Festival,West,Regular,95,88.28,0.3,5870.62
2024-09-07,Theater Performance,North,Regular,97,176.45,0.28,12323.27
2024-07-06,Sports Event,East,Regular,48,243.48,0.14,10050.85
2024-11-04,Theater Performance,West,VIP,53,104.03,0.09,5017.37
2024-05-21,Theater Performance,East,VIP,4,116.45,0.15,395.93
2024-03-27,Theater Performance,South,Regular,87,109.63,0.19,7725.63
2024-07-26,Theater Performance,North,Regular,53,18.26,0.28,696.8
2024-06-04,Theater Performance,East,VIP,84,53.58,0.26,3330.53
2024-11-09,Theater Performance,South,Regular,83,230.43,0.02,18743.18
2024-05-17,Sports Event,North,VIP,34,13.67,0.23,357.88
2024-02-23,Sports Event,West,VIP,43,27.2,0.23,900.59
2024-03-17,Music Festival,North,Regular,5,12.46,0.25,46.72
2024-09-08,Sports Event,South,VIP,64,165.05,0.29,7499.87
2024-06-05,Music Festival,North,Regular,20,42.28,0.23,651.11
2024-02-20,Music Festival,East,Regular,26,130.35,0.16,2846.84
2024-06-03,Music Festival,North,Regular,36,34.87,0.02,1230.21
2024-12-10,Theater Performance,East,Regular,70,162.49,0.23,8758.21
2024-10-27,Music Festival,West,Regular,10,26.82,0.22,209.2
2024-11-14,Sports Event,West,VIP,86,103.86,0.02,8753.32
2024-06-30,Music Festival,North,VIP,26,184.84,0.04,4613.61
2024-08-06,Sports Event,West,VIP,94,80.56,0.25,5679.48
2024-11-06,Sports Event,South,Regular,5,182.45,0.28,656.82
2024-05-26,Theater Performance,North,VIP,33,11.89,0.09,357.06
2024-08-29,Music Festival,South,Regular,40,239.1,0.09,8703.24
2024-04-04,Music Festival,North,Regular,27,127.59,0.27,2514.8
2024-12-01,Sports Event,East,Regular,46,70.16,0.07,3001.44
2024-03-24,Theater Performance,South,VIP,89,207.29,0.13,16050.46
2024-05-09,Music Festival,North,Regular,41,190.68,0.03,7583.34
2024-04-30,Sports Event,West,VIP,45,160.2,0.2,5767.2
2024-05-18,Theater Performance,East,VIP,4,241.55,0.16,811.61
2024-10-03,Sports Event,East,Regular,54,120.34,0.05,6173.44
2024-12-31,Sports Event,North,Regular,5,78.16,0.01,386.89
2024-05-19,Sports Event,South,VIP,43,96.49,0.23,3194.78
2024-02-04,Sports Event,North,VIP,97,127.87,0.08,11411.12
2024-05-26,Theater Performance,East,VIP,90,175.01,0.16,13230.76
2024-07-05,Music Festival,East,Regular,34,123.39,0.07,3901.59
2024-04-12,Sports Event,East,Regular,53,191.53,0.01,10049.58
2024-06-18,Sports Event,East,Regular,35,20.57,0.01,712.75
2024-06-03,Music Festival,South,VIP,15,59.86,0.17,745.26
2024-08-06,Music Festival,East,Regular,4,85.66,0.26,253.55
2024-07-19,Theater Performance,South,Regular,60,162.25,0.1,8761.5
2024-05-31,Theater Performance,East,VIP,29,31.25,0.17,752.19
2024-06-08,Music Festival,South,Regular,45,33.97,0.13,1329.93
2024-09-19,Theater Performance,South,Regular,60,73.71,0.01,4378.37
2024-10-18,Music Festival,North,VIP,72,234.6,0.02,16553.38
2024-02-25,Theater Performance,East,Regular,60,146.9,0.03,8549.58
2024-04-29,Music Festival,West,VIP,71,160.79,0.03,11073.61
2024-09-06,Sports Event,North,VIP,9,145.43,0.05,1243.43
2024-10-26,Music Festival,East,VIP,84,233.19,0.2,15670.37
2024-05-07,Theater Performance,South,Regular,31,200.31,0.07,5774.94
2024-03-03,Music Festival,North,Regular,84,235.95,0.03,19225.21
2024-02-21,Theater Performance,North,VIP,4,194.56,0.28,560.33
2024-02-04,Theater Performance,North,Regular,36,133.92,0.05,4580.06
2024-10-03,Theater Performance,East,VIP,22,201.62,0.19,3592.87
2024-06-12,Sports Event,North,Regular,28,147.54,0.23,3180.96
2024-07-21,Sports Event,North,VIP,26,91.76,0.24,1813.18
2024-09-09,Music Festival,North,Regular,63,223.65,0.14,12117.36
2024-06-12,Sports Event,South,VIP,36,74.46,0.28,1930.0
2024-12-31,Theater Performance,North,Regular,29,167.23,0.26,3588.76
2024-01-05,Theater Performance,North,Regular,78,234.27,0.08,16811.22
2024-01-11,Music Festival,West,Regular,43,26.61,0.19,926.83
2024-12-22,Sports Event,North,VIP,45,32.71,0.08,1354.19
2024-05-20,Theater Performance,South,Regular,68,196.46,0.03,12958.5
2024-03-23,Theater Performance,East,VIP,57,192.24,0.03,10628.95
2024-07-04,Theater Performance,South,Regular,6,53.89,0.18,265.14
2024-03-29,Sports Event,West,VIP,10,242.9,0.29,1724.59
2024-11-13,Sports Event,East,Regular,53,197.19,0.21,8256.35
2024-10-11,Sports Event,East,VIP,21,78.3,0.22,1282.55
2024-03-17,Sports Event,South,VIP,42,202.71,0.1,7662.44
2024-05-16,Sports Event,West,Regular,89,166.8,0.22,11579.26
2024-06-16,Sports Event,South,Regular,94,85.65,0.03,7809.57
2024-07-31,Theater Performance,East,VIP,64,198.93,0.1,11458.37
2024-11-13,Theater Performance,North,VIP,64,84.08,0.25,4035.84
2024-04-11,Sports Event,South,Regular,9,19.98,0.08,165.43
2024-08-11,Sports Event,East,Regular,72,242.84,0.13,15211.5
2024-05-18,Music Festival,East,Regular,52,165.42,0.28,6193.32
2024-05-10,Sports Event,North,VIP,71,106.02,0.3,5269.19
2024-11-02,Theater Performance,North,Regular,10,135.03,0.09,1228.77
2024-03-28,Music Festival,North,VIP,72,196.39,0.14,12160.47
2024-08-09,Theater Performance,North,VIP,23,52.33,0.3,842.51
2024-09-02,Music Festival,South,Regular,17,118.29,0.14,1729.4
2024-08-25,Music Festival,West,VIP,45,248.3,0.26,8268.39
2024-12-11,Theater Performance,West,VIP,45,141.75,0.07,5932.24
2024-09-20,Music Festival,North,VIP,42,126.5,0.11,4728.57
2024-02-20,Sports Event,South,VIP,54,87.08,0.11,4185.06
2024-02-24,Music Festival,West,Regular,9,171.14,0.1,1386.23
2024-09-09,Music Festival,East,Regular,56,199.98,0.03,10862.91
2024-11-13,Music Festival,West,VIP,74,247.6,0.03,17772.73
2024-09-26,Music Festival,East,VIP,54,110.54,0.29,4238.1
2024-01-25,Theater Performance,South,Regular,66,61.07,0.25,3022.96
2024-05-18,Sports Event,West,Regular,65,82.77,0.11,4788.24
2024-03-27,Sports Event,North,VIP,29,159.58,0.0,4627.82
2024-12-28,Music Festival,South,Regular,16,28.02,0.08,412.45
2024-09-18,Sports Event,North,VIP,51,213.71,0.21,8610.38
2024-07-15,Theater Performance,North,Regular,78,134.14,0.1,9416.63
2024-09-19,Music Festival,West,Regular,53,122.5,0.18,5323.85
2024-02-24,Music Festival,East,VIP,49,148.31,0.15,6177.11
2024-03-02,Theater Performance,West,VIP,62,33.33,0.03,2004.47
2024-03-26,Sports Event,West,VIP,87,21.08,0.05,1742.26
2024-04-28,Music Festival,West,Regular,90,40.89,0.28,2649.67
2024-09-07,Theater Performance,South,VIP,66,136.67,0.26,6674.96
2024-02-22,Theater Performance,South,VIP,66,162.39,0.12,9431.61
2024-12-17,Music Festival,South,Regular,46,192.34,0.14,7608.97
2024-02-19,Sports Event,East,Regular,86,38.88,0.06,3143.06
2024-05-20,Music Festival,East,VIP,85,155.66,0.28,9526.39
2024-03-23,Sports Event,South,Regular,2,19.57,0.23,30.14
2024-12-10,Sports Event,East,VIP,11,165.98,0.17,1515.4
2024-04-20,Sports Event,South,VIP,54,165.15,0.03,8650.56
2024-04-26,Sports Event,South,Regular,36,136.55,0.29,3490.22
2024-02-10,Sports Event,West,VIP,75,175.28,0.26,9728.04
2024-07-23,Sports Event,West,Regular,98,121.96,0.07,11115.43
2024-06-27,Music Festival,West,VIP,49,45.76,0.27,1636.84
2024-07-13,Theater Performance,East,VIP,88,104.05,0.15,7782.94
2024-06-25,Sports Event,North,VIP,21,13.24,0.23,214.09
2024-08-27,Music Festival,North,VIP,44,115.28,0.25,3804.24
2024-09-29,Music Festival,West,VIP,27,188.29,0.23,3914.55
2024-11-05,Sports Event,North,VIP,99,86.34,0.04,8205.75
2024-10-24,Sports Event,South,Regular,33,109.31,0.06,3390.8
2024-03-12,Theater Performance,East,Regular,59,56.93,0.2,2687.1
2024-10-14,Sports Event,East,VIP,33,157.65,0.26,3849.81
2024-10-21,Theater Performance,South,VIP,73,52.47,0.0,3830.31
2024-07-20,Theater Performance,West,VIP,4,142.2,0.29,403.85
2024-08-13,Theater Performance,East,Regular,52,21.64,0.23,866.47
2024-09-09,Music Festival,West,VIP,54,67.19,0.17,3011.46
2024-07-22,Sports Event,East,VIP,53,162.96,0.09,7859.56
2024-03-07,Theater Performance,North,VIP,47,212.17,0.28,7179.83
2024-02-18,Sports Event,West,Regular,21,124.27,0.22,2035.54
2024-12-08,Theater Performance,East,Regular,75,46.58,0.05,3318.82
2024-10-05,Sports Event,North,Regular,67,153.19,0.04,9853.18
2024-05-30,Music Festival,East,Regular,78,110.91,0.12,7612.86
2024-04-03,Sports Event,South,VIP,19,85.5,0.1,1462.05
2024-01-10,Theater Performance,North,Regular,43,232.9,0.13,8712.79
2024-01-16,Sports Event,North,VIP,39,121.99,0.19,3853.66
2024-04-06,Theater Performance,South,VIP,45,24.76,0.24,846.79
2024-05-20,Sports Event,East,Regular,93,114.77,0.01,10566.87
2024-09-27,Music Festival,North,VIP,96,129.94,0.26,9230.94
2024-05-15,Theater Performance,West,VIP,74,42.91,0.15,2699.04
2024-03-10,Theater Performance,South,Regular,29,44.35,0.17,1067.5
2024-01-05,Music Festival,North,VIP,93,15.19,0.04,1356.16
2024-04-08,Sports Event,East,Regular,86,183.0,0.06,14793.72
2024-08-29,Music Festival,North,VIP,99,213.95,0.29,15038.55
2024-08-17,Theater Performance,East,VIP,66,86.29,0.22,4442.21
2024-08-27,Sports Event,East,Regular,24,176.68,0.04,4070.71
2024-04-20,Sports Event,East,Regular,76,143.55,0.08,10037.02
2024-12-03,Music Festival,East,Regular,77,28.14,0.3,1516.75
2024-10-08,Sports Event,East,VIP,50,50.41,0.17,2092.02
2024-12-16,Music Festival,East,Regular,54,202.25,0.17,9064.84
2024-03-10,Theater Performance,South,Regular,92,77.79,0.17,5940.04
2024-04-17,Theater Performance,West,Regular,49,127.48,0.15,5309.54
2024-02-15,Sports Event,East,Regular,3,175.46,0.22,410.58
2024-06-16,Music Festival,North,VIP,9,29.62,0.26,197.27
2024-11-03,Theater Performance,North,VIP,99,162.77,0.09,14663.95
2024-10-13,Sports Event,North,VIP,22,172.92,0.22,2967.31
2024-04-09,Sports Event,East,Regular,37,169.86,0.02,6159.12
2024-11-20,Sports Event,West,VIP,34,221.26,0.09,6845.78
2024-01-03,Theater Performance,East,Regular,69,89.15,0.26,4552.0
2024-03-09,Music Festival,East,VIP,39,177.88,0.07,6451.71
2024-03-11,Sports Event,East,VIP,38,51.97,0.29,1402.15
2024-09-12,Music Festival,West,Regular,61,102.75,0.17,5202.23
2024-11-07,Theater Performance,West,VIP,82,239.32,0.24,14914.42
2024-11-23,Music Festival,South,VIP,22,213.19,0.19,3799.05
2024-08-22,Sports Event,West,Regular,19,154.71,0.18,2410.38
2024-07-27,Sports Event,West,VIP,15,99.65,0.13,1300.43
2024-05-06,Sports Event,West,Regular,47,44.81,0.04,2021.83
2024-02-03,Music Festival,North,VIP,18,156.61,0.14,2424.32
2024-08-04,Sports Event,South,Regular,71,57.47,0.04,3917.16
2024-03-14,Theater Performance,North,Regular,98,154.8,0.22,11832.91
2024-04-01,Theater Performance,West,Regular,64,62.34,0.01,3949.86
2024-01-27,Music Festival,North,Regular,45,20.94,0.07,876.34
2024-12-08,Sports Event,East,Regular,97,88.09,0.08,7861.15
2024-12-20,Sports Event,North,Regular,15,154.13,0.29,1641.48
2024-03-15,Sports Event,West,Regular,80,215.26,0.16,14465.47
2024-02-19,Sports Event,East,VIP,16,98.39,0.17,1306.62
2024-04-15,Music Festival,South,Regular,54,64.06,0.07,3217.09
2024-12-22,Music Festival,West,VIP,57,229.0,0.25,9789.75
2024-09-23,Theater Performance,South,VIP,15,82.69,0.2,992.28
2024-05-23,Music Festival,South,Regular,72,86.64,0.29,4429.04
2024-03-14,Music Festival,East,VIP,47,31.29,0.29,1044.15
2024-10-28,Sports Event,South,VIP,27,92.94,0.15,2132.97
2024-09-05,Music Festival,North,VIP,51,220.26,0.29,7975.61
2024-11-18,Theater Performance,South,VIP,95,99.14,0.09,8570.65
2024-01-11,Music Festival,East,VIP,73,189.3,0.05,13127.96
2024-05-03,Sports Event,East,VIP,82,10.15,0.18,682.49
2024-04-13,Sports Event,West,VIP,52,223.02,0.14,9973.45
2024-01-17,Theater Performance,North,VIP,65,55.49,0.25,2705.14
2024-06-18,Sports Event,West,Regular,64,90.29,0.15,4911.78
2024-06-04,Theater Performance,South,Regular,79,217.38,0.24,13051.5
2024-08-18,Sports Event,West,VIP,85,80.83,0.02,6733.14
2024-07-05,Music Festival,North,VIP,52,11.01,0.14,492.37
2024-03-14,Theater Performance,West,VIP,46,150.5,0.03,6715.31
2024-10-29,Theater Performance,North,VIP,72,132.63,0.27,6971.03
2024-08-06,Music Festival,South,Regular,6,71.67,0.14,369.82
2024-11-07,Sports Event,West,VIP,27,53.87,0.12,1279.95
2024-12-17,Music Festival,East,VIP,90,233.57,0.0,21021.3
2024-03-10,Music Festival,North,VIP,73,27.01,0.01,1952.01
2024-08-16,Music Festival,West,Regular,28,59.48,0.06,1565.51
2024-07-12,Sports Event,East,Regular,27,71.63,0.26,1431.17
2024-10-28,Theater Performance,West,VIP,86,140.07,0.03,11684.64
2024-11-11,Theater Performance,East,Regular,21,142.22,0.14,2568.49
2024-06-25,Theater Performance,West,VIP,46,184.62,0.1,7643.27
2024-04-27,Theater Performance,South,VIP,30,219.98,0.1,5939.46
2024-11-04,Theater Performance,South,VIP,49,174.17,0.1,7680.9
2024-10-21,Music Festival,West,Regular,38,169.02,0.2,5138.21
2024-02-26,Theater Performance,East,VIP,74,233.06,0.2,13797.15
2024-01-18,Theater Performance,West,VIP,65,148.65,0.28,6956.82
2024-02-22,Music Festival,North,Regular,67,191.97,0.13,11189.93
2024-04-01,Theater Performance,South,Regular,89,199.09,0.22,13820.83
2024-08-01,Sports Event,West,VIP,65,202.3,0.03,12755.02
2024-12-24,Music Festival,West,VIP,21,66.88,0.24,1067.4
2024-06-17,Theater Performance,South,VIP,56,79.16,0.24,3369.05
2024-11-24,Sports Event,North,VIP,14,177.95,0.0,2491.3
2024-07-06,Sports Event,West,VIP,94,90.94,0.28,6154.82
2024-06-28,Theater Performance,North,VIP,15,189.58,0.27,2075.9
2024-04-05,Sports Event,West,VIP,72,59.68,0.16,3609.45
2024-01-04,Sports Event,South,Regular,47,187.35,0.24,6692.14
2024-07-30,Sports Event,North,Regular,73,185.09,0.1,12160.41
2024-09-20,Theater Performance,East,Regular,72,234.47,0.06,15868.93
2024-09-30,Theater Performance,South,VIP,7,57.73,0.06,379.86
2024-09-09,Theater Performance,East,VIP,80,83.5,0.08,6145.6
2024-08-31,Music Festival,East,Regular,42,38.78,0.21,1286.72
2024-09-24,Theater Performance,South,VIP,12,239.21,0.23,2210.3
2024-07-12,Music Festival,West,Regular,55,167.82,0.24,7014.88
2024-11-10,Sports Event,North,VIP,77,241.05,0.18,15219.9
2024-11-06,Theater Performance,West,VIP,7,17.59,0.04,118.2
2024-03-05,Music Festival,North,VIP,50,95.86,0.17,3978.19
2024-07-17,Music Festival,East,Regular,29,150.22,0.13,3790.05
2024-06-15,Sports Event,West,Regular,26,138.63,0.11,3207.9
2024-03-22,Theater Performance,West,VIP,35,132.43,0.07,4310.6
2024-12-31,Sports Event,East,VIP,65,249.93,0.16,13646.18
2024-12-22,Music Festival,East,VIP,94,199.14,0.03,18157.59
2024-10-29,Sports Event,West,Regular,3,200.25,0.26,444.56
2024-05-01,Music Festival,West,VIP,62,122.0,0.13,6580.68
2024-07-03,Sports Event,East,Regular,34,207.2,0.25,5283.6
2024-10-29,Sports Event,South,Regular,75,21.12,0.17,1314.72
2024-04-03,Sports Event,East,VIP,42,124.33,0.22,4073.05
2024-04-09,Music Festival,East,VIP,86,90.91,0.06,7349.16
2024-06-15,Sports Event,West,VIP,50,95.83,0.08,4408.18
2024-01-16,Sports Event,South,VIP,24,202.73,0.22,3795.11
2024-10-19,Music Festival,East,Regular,15,66.15,0.27,724.34
2024-11-29,Sports Event,North,Regular,100,159.85,0.21,12628.15
2024-09-14,Music Festival,East,Regular,21,195.79,0.16,3453.74
2024-03-08,Theater Performance,South,Regular,44,149.17,0.21,5185.15
2024-11-20,Theater Performance,North,Regular,59,52.54,0.26,2293.9
2024-11-26,Theater Performance,West,Regular,2,141.02,0.08,259.48
2024-05-29,Music Festival,South,Regular,89,99.21,0.29,6269.08
2024-04-17,Theater Performance,North,VIP,43,137.31,0.18,4841.55
2024-01-06,Sports Event,East,Regular,72,68.39,0.25,3693.06
2024-08-14,Theater Performance,South,VIP,68,42.83,0.18,2388.2
2024-12-04,Music Festival,East,VIP,67,80.45,0.24,4096.51
2024-04-11,Music Festival,South,Regular,65,116.26,0.05,7179.06
2024-09-05,Sports Event,East,Regular,1,188.82,0.18,154.83
2024-09-22,Theater Performance,West,Regular,52,114.56,0.26,4408.27
2024-12-23,Music Festival,South,Regular,87,118.28,0.1,9261.32
2024-04-13,Sports Event,South,Regular,51,139.73,0.08,6556.13
2024-01-28,Sports Event,East,Regular,28,34.1,0.14,821.13
2024-01-24,Theater Performance,West,VIP,21,14.03,0.06,276.95
2024-08-03,Sports Event,North,Regular,7,140.46,0.09,894.73
2024-09-15,Theater Performance,East,Regular,79,192.06,0.06,14262.38
2024-03-07,Theater Performance,East,Regular,50,121.92,0.3,4267.2
2024-02-14,Sports Event,West,VIP,19,65.31,0.03,1203.66
2024-06-23,Music Festival,West,VIP,39,135.46,0.16,4437.67
2024-12-27,Music Festival,North,Regular,72,224.49,0.23,12445.73
2024-07-06,Music Festival,South,VIP,41,172.92,0.19,5742.67
2024-12-11,Music Festival,North,Regular,30,171.17,0.0,5135.1
2024-09-05,Music Festival,North,VIP,83,117.65,0.2,7811.96
2024-09-29,Sports Event,North,VIP,32,182.75,0.18,4795.36
2024-05-18,Theater Performance,West,Regular,94,91.95,0.2,6914.64
2024-01-07,Music Festival,South,Regular,69,207.9,0.17,11906.43
2024-09-27,Theater Performance,East,Regular,59,26.09,0.13,1339.2
2024-06-15,Sports Event,South,Regular,6,162.15,0.3,681.03
2024-12-29,Theater Performance,South,VIP,58,228.45,0.07,12322.59
2024-04-28,Music Festival,East,VIP,7,162.52,0.1,1023.88
2024-01-04,Theater Performance,North,VIP,64,64.41,0.04,3957.35
2024-04-16,Theater Performance,South,VIP,56,185.93,0.21,8225.54
2024-02-01,Music Festival,West,VIP,67,80.37,0.2,4307.83
2024-01-29,Sports Event,East,Regular,42,173.27,0.08,6695.15
2024-11-24,Sports Event,South,VIP,39,188.79,0.23,5669.36
2024-06-24,Sports Event,East,Regular,100,191.76,0.03,18600.72
2024-09-22,Music Festival,South,Regular,7,223.24,0.28,1125.13
2024-01-24,Theater Performance,South,Regular,79,133.12,0.02,10306.15
2024-08-31,Theater Performance,South,VIP,96,151.87,0.05,13850.54
2024-05-08,Music Festival,North,VIP,85,129.97,0.05,10495.08
2024-01-17,Music Festival,West,Regular,6,159.08,0.13,830.4
2024-12-22,Music Festival,West,Regular,51,77.65,0.26,2930.51
2024-09-27,Music Festival,West,Regular,100,248.55,0.14,21375.3
2024-06-13,Music Festival,West,VIP,59,40.89,0.27,1761.13
2024-08-26,Sports Event,South,Regular,92,180.34,0.13,14434.41
2024-12-29,Theater Performance,East,VIP,22,65.24,0.28,1033.4
2024-09-09,Music Festival,South,VIP,44,184.43,0.05,7709.17
2024-06-19,Music Festival,West,Regular,91,47.71,0.2,3473.29
2024-12-24,Theater Performance,North,Regular,19,36.71,0.28,502.19
2024-08-28,Sports Event,South,Regular,4,88.68,0.28,255.4
2024-07-26,Music Festival,West,VIP,1,163.16,0.21,128.9
2024-12-04,Music Festival,West,VIP,16,163.1,0.24,1983.3
2024-12-21,Theater Performance,East,Regular,52,114.61,0.2,4767.78
2024-12-16,Theater Performance,West,VIP,45,235.02,0.29,7508.89
2024-01-17,Music Festival,North,Regular,16,31.59,0.23,389.19
2024-05-04,Music Festival,West,VIP,1,11.53,0.24,8.76
2024-08-16,Sports Event,South,VIP,25,173.02,0.29,3071.1
2024-02-22,Music Festival,South,Regular,23,106.33,0.24,1858.65
2024-08-09,Sports Event,South,VIP,28,205.36,0.15,4887.57
2024-05-27,Sports Event,South,Regular,68,73.22,0.01,4929.17
2024-04-09,Sports Event,West,VIP,44,204.89,0.23,6941.67
2024-04-26,Music Festival,North,Regular,92,76.52,0.14,6054.26
2024-01-21,Theater Performance,North,VIP,75,12.1,0.17,753.22
2024-10-01,Theater Performance,East,VIP,13,230.07,0.21,2362.82
2024-04-30,Sports Event,East,VIP,21,235.8,0.01,4902.28
2024-07-06,Theater Performance,West,Regular,29,43.21,0.22,977.41
2024-07-26,Music Festival,East,Regular,100,232.71,0.03,22572.87
2024-05-02,Sports Event,South,Regular,6,33.58,0.13,175.29
2024-03-27,Music Festival,West,Regular,76,160.7,0.06,11480.41
2024-08-04,Theater Performance,South,Regular,44,248.41,0.23,8416.13
2024-02-07,Sports Event,West,Regular,37,120.04,0.08,4086.16
2024-05-04,Sports Event,South,VIP,95,230.55,0.11,19493.0
2024-05-09,Sports Event,North,VIP,45,207.38,0.12,8212.25
2024-03-18,Theater Performance,East,VIP,47,219.06,0.01,10192.86
2024-05-30,Theater Performance,North,VIP,2,169.45,0.01,335.51
2024-10-06,Theater Performance,North,Regular,89,235.21,0.23,16118.94
2024-08-03,Music Festival,East,Regular,34,43.8,0.11,1325.39
2024-01-06,Sports Event,South,Regular,62,41.62,0.2,2064.35
2024-02-17,Music Festival,East,Regular,78,19.94,0.29,1104.28
2024-08-18,Music Festival,West,Regular,92,41.42,0.11,3391.47
2024-07-26,Sports Event,West,VIP,39,151.64,0.27,4317.19
2024-09-11,Music Festival,South,Regular,79,130.95,0.26,7655.34
2024-07-24,Sports Event,North,VIP,53,22.3,0.08,1087.35
2024-09-30,Sports Event,West,VIP,52,35.82,0.28,1341.1
2024-02-11,Music Festival,South,Regular,4,111.29,0.3,311.61
2024-03-22,Sports Event,East,Regular,24,115.89,0.18,2280.72
2024-01-24,Theater Performance,West,Regular,53,88.13,0.28,3363.04
2024-11-04,Music Festival,North,Regular,58,67.26,0.29,2769.77
2024-08-24,Sports Event,East,Regular,41,115.14,0.07,4390.29
2024-02-27,Music Festival,East,VIP,11,15.99,0.01,174.13
2024-12-27,Music Festival,East,VIP,24,162.48,0.27,2846.65
2024-03-13,Music Festival,East,Regular,57,76.52,0.27,3184.0
2024-11-30,Theater Performance,East,Regular,88,194.93,0.16,14409.23
2024-06-14,Music Festival,East,VIP,61,95.12,0.17,4815.93
2024-12-21,Theater Performance,South,VIP,8,57.06,0.06,429.09
2024-09-17,Music Festival,East,VIP,21,38.81,0.27,594.96
2024-04-21,Music Festival,North,Regular,94,244.44,0.3,16084.15
2024-01-25,Music Festival,North,VIP,62,30.19,0.3,1310.25
2024-04-06,Theater Performance,South,VIP,69,185.4,0.01,12664.67
2024-12-30,Theater Performance,East,Regular,55,184.07,0.2,8099.08
2024-04-01,Music Festival,South,Regular,49,110.83,0.14,4670.38
2024-06-05,Music Festival,East,Regular,30,30.22,0.24,689.02
2024-07-31,Sports Event,West,VIP,60,149.93,0.18,7376.56
2024-05-07,Theater Performance,North,Regular,54,174.56,0.09,8577.88
2024-10-01,Sports Event,North,VIP,76,82.2,0.21,4935.29
2024-12-05,Sports Event,South,VIP,7,106.54,0.27,544.42
2024-01-12,Music Festival,North,VIP,94,226.8,0.18,17481.74
2024-01-11,Music Festival,West,Regular,58,134.13,0.05,7390.56
2024-09-23,Theater Performance,East,VIP,30,167.68,0.17,4175.23
2024-06-28,Music Festival,West,VIP,55,168.79,0.23,7148.26
2024-02-17,Music Festival,South,Regular,65,186.26,0.3,8474.83
2024-04-29,Music Festival,East,Regular,28,220.06,0.19,4990.96
2024-05-12,Theater Performance,East,Regular,19,135.84,0.24,1961.53
2024-06-06,Music Festival,North,VIP,67,60.88,0.15,3467.12
2024-03-08,Sports Event,South,Regular,59,58.77,0.26,2565.9
2024-04-03,Music Festival,East,VIP,74,184.09,0.12,11987.94
2024-03-07,Sports Event,East,Regular,40,121.88,0.08,4485.18
2024-12-16,Sports Event,East,Regular,75,145.57,0.24,8297.49
2024-11-01,Sports Event,West,Regular,1,123.0,0.06,115.62
2024-10-07,Music Festival,South,Regular,85,152.82,0.16,10911.35
2024-09-28,Sports Event,West,VIP,11,242.68,0.23,2055.5
2024-09-22,Sports Event,East,Regular,37,10.12,0.0,374.44
2024-05-05,Sports Event,North,VIP,5,196.39,0.29,697.18
2024-02-14,Sports Event,North,VIP,32,191.77,0.08,5645.71
2024-07-13,Sports Event,South,Regular,86,10.05,0.22,674.15
2024-09-11,Sports Event,East,VIP,65,232.56,0.28,10883.81
2024-12-29,Music Festival,South,Regular,60,53.43,0.14,2756.99
2024-09-26,Theater Performance,West,VIP,5,88.76,0.0,443.8
2024-12-19,Sports Event,East,VIP,93,111.15,0.17,8579.67
2024-09-02,Sports Event,West,VIP,35,177.31,0.13,5399.09
2024-10-17,Theater Performance,South,VIP,91,48.53,0.06,4151.26
2024-12-24,Music Festival,North,VIP,6,162.65,0.24,741.68
2024-08-04,Music Festival,West,VIP,51,171.33,0.16,7339.78
2024-01-14,Music Festival,West,VIP,48,83.97,0.01,3990.25
2024-11-30,Theater Performance,South,VIP,38,161.13,0.02,6000.48
2024-10-28,Theater Performance,North,VIP,21,39.48,0.11,737.88
2024-09-01,Music Festival,West,VIP,70,111.96,0.02,7680.46
2024-03-06,Theater Performance,East,Regular,15,131.47,0.04,1893.17
2024-02-22,Sports Event,West,Regular,73,79.88,0.13,5073.18
2024-12-19,Theater Performance,East,Regular,57,84.18,0.16,4030.54
2024-12-07,Music Festival,South,Regular,98,64.82,0.17,5272.46
2024-01-21,Sports Event,West,VIP,51,45.35,0.05,2197.21
2024-01-15,Sports Event,North,VIP,44,126.13,0.22,4328.78
2024-12-05,Theater Performance,South,Regular,60,63.93,0.1,3452.22
2024-02-09,Music Festival,South,VIP,12,222.27,0.03,2587.22
2024-05-07,Theater Performance,North,VIP,75,15.95,0.06,1124.47
2024-02-29,Theater Performance,West,VIP,20,112.66,0.17,1870.16
2024-08-01,Theater Performance,West,VIP,95,200.45,0.2,15234.2
2024-12-28,Theater Performance,West,Regular,21,205.4,0.0,4313.4
2024-06-25,Music Festival,East,VIP,88,57.41,0.06,4748.96
2024-04-20,Music Festival,East,VIP,46,154.77,0.24,5410.76
2024-11-17,Theater Performance,West,Regular,62,218.39,0.25,10155.13
2024-06-10,Music Festival,West,VIP,84,122.24,0.14,8830.62
2024-02-23,Theater Performance,North,Regular,77,92.02,0.1,6376.99
2024-04-21,Sports Event,North,VIP,84,63.21,0.09,4831.77
2024-11-09,Music Festival,East,VIP,41,172.78,0.1,6375.58
2024-07-08,Sports Event,West,Regular,39,94.24,0.26,2719.77
2024-01-13,Sports Event,East,Regular,55,153.48,0.27,6162.22
2024-05-22,Theater Performance,North,VIP,8,212.87,0.18,1396.43
2024-03-21,Theater Performance,North,Regular,46,22.92,0.16,885.63
2024-04-23,Sports Event,West,VIP,35,238.76,0.22,6518.15
2024-07-02,Theater Performance,East,VIP,25,85.97,0.03,2084.77
2024-11-10,Music Festival,North,Regular,97,38.5,0.04,3585.12
2024-09-22,Sports Event,North,Regular,14,121.9,0.13,1484.74
2024-10-03,Sports Event,North,Regular,88,239.26,0.28,15159.51
2024-01-10,Sports Event,West,VIP,30,187.5,0.04,5400.0
2024-06-09,Sports Event,East,Regular,98,155.84,0.06,14355.98
2024-02-13,Sports Event,South,Regular,66,113.24,0.24,5680.12
2024-06-06,Theater Performance,East,VIP,68,57.62,0.25,2938.62
2024-04-02,Sports Event,East,Regular,98,95.82,0.04,9014.75
2024-03-19,Theater Performance,East,VIP,70,142.5,0.29,7082.25
2024-03-23,Theater Performance,East,Regular,47,32.95,0.22,1207.95
2024-12-05,Sports Event,South,VIP,65,25.95,0.21,1332.53
2024-06-04,Music Festival,North,VIP,40,154.34,0.24,4691.94
2024-07-09,Sports Event,South,VIP,52,90.04,0.18,3839.31
2024-08-17,Music Festival,East,VIP,88,52.47,0.22,3601.54
2024-02-18,Music Festival,East,VIP,87,16.2,0.03,1367.12
2024-10-31,Music Festival,South,Regular,45,140.42,0.16,5307.88
2024-12-19,Theater Performance,North,Regular,1,202.89,0.19,164.34
2024-12-26,Theater Performance,West,VIP,63,68.35,0.14,3703.2
2024-07-12,Theater Performance,South,VIP,57,205.04,0.11,10401.68
2024-08-02,Theater Performance,West,Regular,8,144.98,0.19,939.47
2024-04-10,Music Festival,West,Regular,3,236.56,0.26,525.16
2024-01-26,Music Festival,East,VIP,41,183.08,0.17,6230.21
2024-06-14,Theater Performance,West,VIP,11,157.93,0.19,1407.16
2024-02-20,Music Festival,North,Regular,83,239.29,0.15,16881.91
2024-07-19,Theater Performance,East,Regular,83,63.64,0.09,4806.73
2024-07-13,Theater Performance,South,VIP,93,228.48,0.03,20611.18
2024-02-22,Theater Performance,West,Regular,52,39.78,0.07,1923.76
2024-04-03,Theater Performance,East,VIP,44,119.76,0.21,4162.86
2024-06-08,Sports Event,South,VIP,100,32.5,0.2,2600.0
2024-12-27,Music Festival,South,VIP,9,92.41,0.22,648.72
2024-08-29,Music Festival,North,Regular,20,93.22,0.09,1696.6
2024-01-22,Sports Event,North,Regular,83,86.05,0.17,5927.98
2024-07-14,Music Festival,South,VIP,2,56.02,0.26,82.91
2024-04-17,Theater Performance,South,Regular,64,68.54,0.09,3991.77
2024-01-01,Music Festival,West,Regular,25,32.84,0.28,591.12
2024-05-31,Music Festival,West,Regular,15,204.12,0.05,2908.71
2024-04-01,Music Festival,East,VIP,67,118.94,0.22,6215.8
2024-05-22,Theater Performance,West,VIP,91,93.65,0.04,8181.26
2024-03-06,Theater Performance,East,Regular,77,159.42,0.21,9697.52
2024-08-04,Sports Event,West,Regular,63,235.93,0.19,12039.51
2024-08-15,Music Festival,South,Regular,52,248.47,0.0,12920.44
2024-04-05,Sports Event,North,VIP,33,133.49,0.26,3259.83
2024-12-31,Theater Performance,West,Regular,9,60.48,0.05,517.1
2024-02-25,Sports Event,South,Regular,17,52.25,0.03,861.6
2024-04-16,Music Festival,East,VIP,48,164.22,0.18,6463.7
2024-12-03,Theater Performance,South,Regular,19,27.03,0.23,395.45
2024-06-16,Sports Event,West,VIP,12,204.32,0.2,1961.47
2024-08-03,Sports Event,West,Regular,47,233.18,0.27,8000.41
2024-02-17,Sports Event,East,VIP,67,184.67,0.09,11259.33
2024-10-29,Music Festival,East,Regular,34,29.84,0.29,720.34
2024-04-03,Sports Event,West,Regular,75,47.93,0.25,2696.06
2024-11-30,Sports Event,South,Regular,17,147.17,0.01,2476.87
2024-02-23,Theater Performance,North,Regular,86,149.75,0.27,9401.3
2024-10-20,Theater Performance,West,VIP,25,180.68,0.04,4336.32
2024-08-10,Theater Performance,North,Regular,86,61.49,0.08,4865.09
2024-02-15,Sports Event,South,Regular,48,117.01,0.19,4549.35
2024-02-23,Music Festival,East,Regular,31,220.98,0.11,6096.84
2024-10-23,Theater Performance,West,Regular,99,58.18,0.1,5183.84
2024-07-21,Theater Performance,North,Regular,7,131.0,0.14,788.62
2024-07-07,Theater Performance,East,Regular,5,108.12,0.1,486.54
2024-10-01,Theater Performance,West,Regular,90,164.71,0.24,11266.16
2024-03-25,Music Festival,South,Regular,66,171.25,0.3,7911.75
2024-07-31,Theater Performance,North,VIP,76,234.2,0.12,15663.3
2024-08-31,Sports Event,East,Regular,26,108.13,0.14,2417.79
2024-12-24,Theater Performance,East,VIP,88,238.89,0.03,20391.65
2024-08-04,Sports Event,North,VIP,9,241.9,0.09,1981.16
2024-10-26,Sports Event,South,Regular,24,36.28,0.14,748.82
2024-06-21,Theater Performance,West,Regular,35,84.46,0.26,2187.51
2024-09-21,Music Festival,West,Regular,17,88.79,0.16,1267.92
2024-11-19,Music Festival,West,VIP,20,216.17,0.17,3588.42
2024-03-20,Theater Performance,North,VIP,69,174.12,0.19,9731.57
2024-04-29,Music Festival,East,VIP,32,33.32,0.0,1066.24
2024-12-04,Sports Event,East,VIP,92,158.21,0.11,12954.23
2024-07-20,Music Festival,South,VIP,30,171.02,0.01,5079.29
2024-07-16,Music Festival,West,VIP,65,88.48,0.24,4370.91
2024-06-19,Theater Performance,South,Regular,52,150.31,0.19,6331.06
2024-06-05,Theater Performance,South,Regular,71,153.71,0.05,10367.74
2024-06-13,Sports Event,North,Regular,25,56.2,0.28,1011.6
2024-01-11,Theater Performance,South,Regular,20,132.48,0.02,2596.61
2024-03-20,Music Festival,East,Regular,99,89.43,0.26,6551.64
2024-11-29,Music Festival,North,Regular,50,157.55,0.16,6617.1
2024-06-02,Theater Performance,South,VIP,12,80.35,0.12,848.5
2024-08-20,Sports Event,West,VIP,51,32.12,0.09,1490.69
2024-10-06,Sports Event,South,VIP,31,122.92,0.1,3429.47
